data_for_id,imb_open,imb_close,Open,High,Low,Close,ser_no,imb_diff
67,489.29998779296875,489.3999938964844,488.5,489.20001220703125,488.0,489.1499938964844,66.0,0.100006103515625
103,481.70001220703125,482.1499938964844,481.3999938964844,481.70001220703125,477.45001220703125,478.8999938964844,102.0,0.449981689453125
104,481.70001220703125,481.79998779296875,481.3999938964844,481.70001220703125,477.45001220703125,478.8999938964844,102.0,0.0999755859375
126,485.70001220703125,485.8500061035156,484.04998779296875,485.70001220703125,481.95001220703125,483.45001220703125,125.0,0.149993896484375
132,484.3999938964844,485.3999938964844,482.54998779296875,484.3999938964844,481.79998779296875,483.8999938964844,131.0,1.0
157,481.3500061035156,481.79998779296875,481.1499938964844,481.3500061035156,480.6000061035156,480.79998779296875,156.0,0.449981689453125
158,481.3500061035156,481.45001220703125,481.1499938964844,481.3500061035156,480.6000061035156,480.79998779296875,156.0,0.100006103515625
163,481.20001220703125,481.3999938964844,481.20001220703125,481.20001220703125,479.79998779296875,479.95001220703125,162.0,0.199981689453125
164,481.20001220703125,481.3500061035156,481.20001220703125,481.20001220703125,479.79998779296875,479.95001220703125,162.0,0.149993896484375
186,474.45001220703125,474.8999938964844,474.29998779296875,474.45001220703125,473.25,473.5,185.0,0.449981689453125
187,474.45001220703125,474.70001220703125,474.29998779296875,474.45001220703125,473.25,473.5,185.0,0.25
188,474.45001220703125,474.70001220703125,474.29998779296875,474.45001220703125,473.25,473.5,185.0,0.25
189,474.45001220703125,474.70001220703125,474.29998779296875,474.45001220703125,473.25,473.5,185.0,0.25
190,474.45001220703125,474.70001220703125,474.29998779296875,474.45001220703125,473.25,473.5,185.0,0.25
191,474.45001220703125,474.70001220703125,474.29998779296875,474.45001220703125,473.25,473.5,185.0,0.25
200,475.95001220703125,489.25,472.20001220703125,472.6000061035156,470.0,470.70001220703125,199.0,13.29998779296875
201,475.95001220703125,487.70001220703125,472.20001220703125,472.6000061035156,470.0,470.70001220703125,199.0,11.75
202,475.95001220703125,487.70001220703125,472.20001220703125,472.6000061035156,470.0,470.70001220703125,199.0,11.75
203,475.95001220703125,487.6499938964844,472.20001220703125,472.6000061035156,470.0,470.70001220703125,199.0,11.699981689453125
204,475.95001220703125,487.6499938964844,472.20001220703125,472.6000061035156,470.0,470.70001220703125,199.0,11.699981689453125
205,475.95001220703125,487.6499938964844,472.20001220703125,472.6000061035156,470.0,470.70001220703125,199.0,11.699981689453125
206,475.95001220703125,487.6499938964844,472.20001220703125,472.6000061035156,470.0,470.70001220703125,199.0,11.699981689453125
207,475.95001220703125,487.6499938964844,472.20001220703125,472.6000061035156,470.0,470.70001220703125,199.0,11.699981689453125
208,475.95001220703125,487.6499938964844,472.20001220703125,472.6000061035156,470.0,470.70001220703125,199.0,11.699981689453125
209,475.95001220703125,487.6499938964844,472.20001220703125,472.6000061035156,470.0,470.70001220703125,199.0,11.699981689453125
210,475.95001220703125,487.6499938964844,472.20001220703125,472.6000061035156,470.0,470.70001220703125,199.0,11.699981689453125
211,475.95001220703125,485.0,472.20001220703125,472.6000061035156,470.0,470.70001220703125,199.0,9.04998779296875
212,475.95001220703125,484.0,472.20001220703125,472.6000061035156,470.0,470.70001220703125,199.0,8.04998779296875
213,475.95001220703125,481.79998779296875,472.20001220703125,472.6000061035156,470.0,470.70001220703125,199.0,5.8499755859375
214,475.95001220703125,480.70001220703125,472.20001220703125,472.6000061035156,470.0,470.70001220703125,199.0,4.75
215,475.95001220703125,480.70001220703125,472.20001220703125,472.6000061035156,470.0,470.70001220703125,199.0,4.75
216,475.95001220703125,480.20001220703125,472.20001220703125,472.6000061035156,470.0,470.70001220703125,199.0,4.25
217,475.95001220703125,480.20001220703125,472.20001220703125,472.6000061035156,470.0,470.70001220703125,199.0,4.25
218,475.95001220703125,480.20001220703125,472.20001220703125,472.6000061035156,470.0,470.70001220703125,199.0,4.25
219,475.95001220703125,480.20001220703125,472.20001220703125,472.6000061035156,470.0,470.70001220703125,199.0,4.25
220,475.95001220703125,480.20001220703125,472.20001220703125,472.6000061035156,470.0,470.70001220703125,199.0,4.25
221,475.95001220703125,480.20001220703125,472.20001220703125,472.6000061035156,470.0,470.70001220703125,199.0,4.25
222,475.95001220703125,480.20001220703125,472.20001220703125,472.6000061035156,470.0,470.70001220703125,199.0,4.25
223,475.95001220703125,480.20001220703125,472.20001220703125,472.6000061035156,470.0,470.70001220703125,199.0,4.25
224,475.95001220703125,480.20001220703125,472.20001220703125,472.6000061035156,470.0,470.70001220703125,199.0,4.25
225,475.95001220703125,477.20001220703125,472.20001220703125,472.6000061035156,470.0,470.70001220703125,199.0,1.25
226,475.95001220703125,476.0,472.20001220703125,472.6000061035156,470.0,470.70001220703125,199.0,0.04998779296875
227,475.95001220703125,476.0,472.20001220703125,472.6000061035156,470.0,470.70001220703125,199.0,0.04998779296875
227,479.79998779296875,481.29998779296875,477.45001220703125,479.79998779296875,476.0,478.95001220703125,226.0,1.5
228,475.95001220703125,476.0,472.20001220703125,472.6000061035156,470.0,470.70001220703125,199.0,0.04998779296875
228,479.79998779296875,480.1000061035156,477.45001220703125,479.79998779296875,476.0,478.95001220703125,226.0,0.300018310546875
229,475.95001220703125,476.0,472.20001220703125,472.6000061035156,470.0,470.70001220703125,199.0,0.04998779296875
229,479.79998779296875,480.1000061035156,477.45001220703125,479.79998779296875,476.0,478.95001220703125,226.0,0.300018310546875
230,475.95001220703125,476.0,472.20001220703125,472.6000061035156,470.0,470.70001220703125,199.0,0.04998779296875
230,479.79998779296875,480.1000061035156,477.45001220703125,479.79998779296875,476.0,478.95001220703125,226.0,0.300018310546875
231,475.95001220703125,476.0,472.20001220703125,472.6000061035156,470.0,470.70001220703125,199.0,0.04998779296875
231,479.79998779296875,480.1000061035156,477.45001220703125,479.79998779296875,476.0,478.95001220703125,226.0,0.300018310546875
232,475.95001220703125,476.0,472.20001220703125,472.6000061035156,470.0,470.70001220703125,199.0,0.04998779296875
232,479.79998779296875,480.1000061035156,477.45001220703125,479.79998779296875,476.0,478.95001220703125,226.0,0.300018310546875
233,475.95001220703125,476.0,472.20001220703125,472.6000061035156,470.0,470.70001220703125,199.0,0.04998779296875
233,479.79998779296875,480.1000061035156,477.45001220703125,479.79998779296875,476.0,478.95001220703125,226.0,0.300018310546875
234,475.95001220703125,476.0,472.20001220703125,472.6000061035156,470.0,470.70001220703125,199.0,0.04998779296875
234,479.79998779296875,480.1000061035156,477.45001220703125,479.79998779296875,476.0,478.95001220703125,226.0,0.300018310546875
235,475.95001220703125,476.0,472.20001220703125,472.6000061035156,470.0,470.70001220703125,199.0,0.04998779296875
235,479.79998779296875,480.1000061035156,477.45001220703125,479.79998779296875,476.0,478.95001220703125,226.0,0.300018310546875
236,475.95001220703125,476.0,472.20001220703125,472.6000061035156,470.0,470.70001220703125,199.0,0.04998779296875
236,479.79998779296875,480.1000061035156,477.45001220703125,479.79998779296875,476.0,478.95001220703125,226.0,0.300018310546875
237,475.95001220703125,476.0,472.20001220703125,472.6000061035156,470.0,470.70001220703125,199.0,0.04998779296875
237,479.79998779296875,480.1000061035156,477.45001220703125,479.79998779296875,476.0,478.95001220703125,226.0,0.300018310546875
238,475.95001220703125,476.0,472.20001220703125,472.6000061035156,470.0,470.70001220703125,199.0,0.04998779296875
238,479.79998779296875,480.1000061035156,477.45001220703125,479.79998779296875,476.0,478.95001220703125,226.0,0.300018310546875
239,475.95001220703125,476.0,472.20001220703125,472.6000061035156,470.0,470.70001220703125,199.0,0.04998779296875
239,479.79998779296875,480.1000061035156,477.45001220703125,479.79998779296875,476.0,478.95001220703125,226.0,0.300018310546875
240,475.95001220703125,476.0,472.20001220703125,472.6000061035156,470.0,470.70001220703125,199.0,0.04998779296875
240,479.79998779296875,480.1000061035156,477.45001220703125,479.79998779296875,476.0,478.95001220703125,226.0,0.300018310546875
241,475.95001220703125,476.0,472.20001220703125,472.6000061035156,470.0,470.70001220703125,199.0,0.04998779296875
241,479.79998779296875,480.1000061035156,477.45001220703125,479.79998779296875,476.0,478.95001220703125,226.0,0.300018310546875
242,475.95001220703125,476.0,472.20001220703125,472.6000061035156,470.0,470.70001220703125,199.0,0.04998779296875
242,479.79998779296875,480.1000061035156,477.45001220703125,479.79998779296875,476.0,478.95001220703125,226.0,0.300018310546875
243,475.95001220703125,476.0,472.20001220703125,472.6000061035156,470.0,470.70001220703125,199.0,0.04998779296875
243,479.79998779296875,480.1000061035156,477.45001220703125,479.79998779296875,476.0,478.95001220703125,226.0,0.300018310546875
244,475.95001220703125,476.0,472.20001220703125,472.6000061035156,470.0,470.70001220703125,199.0,0.04998779296875
244,479.79998779296875,480.1000061035156,477.45001220703125,479.79998779296875,476.0,478.95001220703125,226.0,0.300018310546875
245,475.95001220703125,476.0,472.20001220703125,472.6000061035156,470.0,470.70001220703125,199.0,0.04998779296875
245,479.79998779296875,480.1000061035156,477.45001220703125,479.79998779296875,476.0,478.95001220703125,226.0,0.300018310546875
246,475.95001220703125,476.0,472.20001220703125,472.6000061035156,470.0,470.70001220703125,199.0,0.04998779296875
246,479.79998779296875,480.1000061035156,477.45001220703125,479.79998779296875,476.0,478.95001220703125,226.0,0.300018310546875
246,484.3500061035156,484.6000061035156,483.54998779296875,484.3500061035156,483.3500061035156,484.1499938964844,245.0,0.25
247,475.95001220703125,476.0,472.20001220703125,472.6000061035156,470.0,470.70001220703125,199.0,0.04998779296875
247,479.79998779296875,480.1000061035156,477.45001220703125,479.79998779296875,476.0,478.95001220703125,226.0,0.300018310546875
248,475.95001220703125,476.0,472.20001220703125,472.6000061035156,470.0,470.70001220703125,199.0,0.04998779296875
248,479.79998779296875,480.1000061035156,477.45001220703125,479.79998779296875,476.0,478.95001220703125,226.0,0.300018310546875
249,475.95001220703125,476.0,472.20001220703125,472.6000061035156,470.0,470.70001220703125,199.0,0.04998779296875
249,479.79998779296875,480.1000061035156,477.45001220703125,479.79998779296875,476.0,478.95001220703125,226.0,0.300018310546875
250,475.95001220703125,476.0,472.20001220703125,472.6000061035156,470.0,470.70001220703125,199.0,0.04998779296875
250,479.79998779296875,480.1000061035156,477.45001220703125,479.79998779296875,476.0,478.95001220703125,226.0,0.300018310546875
251,475.95001220703125,476.0,472.20001220703125,472.6000061035156,470.0,470.70001220703125,199.0,0.04998779296875
251,479.79998779296875,480.1000061035156,477.45001220703125,479.79998779296875,476.0,478.95001220703125,226.0,0.300018310546875
252,475.95001220703125,476.0,472.20001220703125,472.6000061035156,470.0,470.70001220703125,199.0,0.04998779296875
252,479.79998779296875,480.1000061035156,477.45001220703125,479.79998779296875,476.0,478.95001220703125,226.0,0.300018310546875
253,475.95001220703125,476.0,472.20001220703125,472.6000061035156,470.0,470.70001220703125,199.0,0.04998779296875
253,479.79998779296875,480.1000061035156,477.45001220703125,479.79998779296875,476.0,478.95001220703125,226.0,0.300018310546875
254,475.95001220703125,476.0,472.20001220703125,472.6000061035156,470.0,470.70001220703125,199.0,0.04998779296875
254,479.79998779296875,480.1000061035156,477.45001220703125,479.79998779296875,476.0,478.95001220703125,226.0,0.300018310546875
255,475.95001220703125,476.0,472.20001220703125,472.6000061035156,470.0,470.70001220703125,199.0,0.04998779296875
255,479.79998779296875,480.1000061035156,477.45001220703125,479.79998779296875,476.0,478.95001220703125,226.0,0.300018310546875
256,475.95001220703125,476.0,472.20001220703125,472.6000061035156,470.0,470.70001220703125,199.0,0.04998779296875
256,479.79998779296875,480.1000061035156,477.45001220703125,479.79998779296875,476.0,478.95001220703125,226.0,0.300018310546875
257,475.95001220703125,476.0,472.20001220703125,472.6000061035156,470.0,470.70001220703125,199.0,0.04998779296875
257,479.79998779296875,480.1000061035156,477.45001220703125,479.79998779296875,476.0,478.95001220703125,226.0,0.300018310546875
258,475.95001220703125,476.0,472.20001220703125,472.6000061035156,470.0,470.70001220703125,199.0,0.04998779296875
258,479.79998779296875,480.1000061035156,477.45001220703125,479.79998779296875,476.0,478.95001220703125,226.0,0.300018310546875
259,475.95001220703125,476.0,472.20001220703125,472.6000061035156,470.0,470.70001220703125,199.0,0.04998779296875
259,479.79998779296875,480.1000061035156,477.45001220703125,479.79998779296875,476.0,478.95001220703125,226.0,0.300018310546875
260,475.95001220703125,476.0,472.20001220703125,472.6000061035156,470.0,470.70001220703125,199.0,0.04998779296875
260,479.79998779296875,480.1000061035156,477.45001220703125,479.79998779296875,476.0,478.95001220703125,226.0,0.300018310546875
261,475.95001220703125,476.0,472.20001220703125,472.6000061035156,470.0,470.70001220703125,199.0,0.04998779296875
261,479.79998779296875,480.1000061035156,477.45001220703125,479.79998779296875,476.0,478.95001220703125,226.0,0.300018310546875
262,475.95001220703125,476.0,472.20001220703125,472.6000061035156,470.0,470.70001220703125,199.0,0.04998779296875
262,479.79998779296875,480.1000061035156,477.45001220703125,479.79998779296875,476.0,478.95001220703125,226.0,0.300018310546875
263,475.95001220703125,476.0,472.20001220703125,472.6000061035156,470.0,470.70001220703125,199.0,0.04998779296875
263,479.79998779296875,480.1000061035156,477.45001220703125,479.79998779296875,476.0,478.95001220703125,226.0,0.300018310546875
264,475.95001220703125,476.0,472.20001220703125,472.6000061035156,470.0,470.70001220703125,199.0,0.04998779296875
264,479.79998779296875,480.1000061035156,477.45001220703125,479.79998779296875,476.0,478.95001220703125,226.0,0.300018310546875
265,475.95001220703125,476.0,472.20001220703125,472.6000061035156,470.0,470.70001220703125,199.0,0.04998779296875
265,479.79998779296875,480.1000061035156,477.45001220703125,479.79998779296875,476.0,478.95001220703125,226.0,0.300018310546875
266,475.95001220703125,476.0,472.20001220703125,472.6000061035156,470.0,470.70001220703125,199.0,0.04998779296875
266,479.79998779296875,480.1000061035156,477.45001220703125,479.79998779296875,476.0,478.95001220703125,226.0,0.300018310546875
267,475.95001220703125,476.0,472.20001220703125,472.6000061035156,470.0,470.70001220703125,199.0,0.04998779296875
267,479.79998779296875,480.1000061035156,477.45001220703125,479.79998779296875,476.0,478.95001220703125,226.0,0.300018310546875
268,475.95001220703125,476.0,472.20001220703125,472.6000061035156,470.0,470.70001220703125,199.0,0.04998779296875
268,479.79998779296875,480.1000061035156,477.45001220703125,479.79998779296875,476.0,478.95001220703125,226.0,0.300018310546875
269,475.95001220703125,476.0,472.20001220703125,472.6000061035156,470.0,470.70001220703125,199.0,0.04998779296875
269,479.79998779296875,480.1000061035156,477.45001220703125,479.79998779296875,476.0,478.95001220703125,226.0,0.300018310546875
270,475.95001220703125,476.0,472.20001220703125,472.6000061035156,470.0,470.70001220703125,199.0,0.04998779296875
270,479.79998779296875,480.1000061035156,477.45001220703125,479.79998779296875,476.0,478.95001220703125,226.0,0.300018310546875
271,475.95001220703125,476.0,472.20001220703125,472.6000061035156,470.0,470.70001220703125,199.0,0.04998779296875
271,479.79998779296875,480.1000061035156,477.45001220703125,479.79998779296875,476.0,478.95001220703125,226.0,0.300018310546875
272,475.95001220703125,476.0,472.20001220703125,472.6000061035156,470.0,470.70001220703125,199.0,0.04998779296875
272,479.79998779296875,480.1000061035156,477.45001220703125,479.79998779296875,476.0,478.95001220703125,226.0,0.300018310546875
273,475.95001220703125,476.0,472.20001220703125,472.6000061035156,470.0,470.70001220703125,199.0,0.04998779296875
273,479.79998779296875,480.1000061035156,477.45001220703125,479.79998779296875,476.0,478.95001220703125,226.0,0.300018310546875
274,475.95001220703125,476.0,472.20001220703125,472.6000061035156,470.0,470.70001220703125,199.0,0.04998779296875
274,479.79998779296875,480.1000061035156,477.45001220703125,479.79998779296875,476.0,478.95001220703125,226.0,0.300018310546875
275,475.95001220703125,476.0,472.20001220703125,472.6000061035156,470.0,470.70001220703125,199.0,0.04998779296875
275,479.79998779296875,480.1000061035156,477.45001220703125,479.79998779296875,476.0,478.95001220703125,226.0,0.300018310546875
275,488.25,488.54998779296875,488.1499938964844,488.25,487.1000061035156,488.0,274.0,0.29998779296875
276,475.95001220703125,476.0,472.20001220703125,472.6000061035156,470.0,470.70001220703125,199.0,0.04998779296875
276,479.79998779296875,480.1000061035156,477.45001220703125,479.79998779296875,476.0,478.95001220703125,226.0,0.300018310546875
276,490.8500061035156,492.0,487.70001220703125,490.8500061035156,486.6000061035156,488.54998779296875,275.0,1.149993896484375
277,475.95001220703125,476.0,472.20001220703125,472.6000061035156,470.0,470.70001220703125,199.0,0.04998779296875
277,479.79998779296875,480.1000061035156,477.45001220703125,479.79998779296875,476.0,478.95001220703125,226.0,0.300018310546875
278,475.95001220703125,476.0,472.20001220703125,472.6000061035156,470.0,470.70001220703125,199.0,0.04998779296875
278,479.79998779296875,480.1000061035156,477.45001220703125,479.79998779296875,476.0,478.95001220703125,226.0,0.300018310546875
279,475.95001220703125,476.0,472.20001220703125,472.6000061035156,470.0,470.70001220703125,199.0,0.04998779296875
279,479.79998779296875,480.1000061035156,477.45001220703125,479.79998779296875,476.0,478.95001220703125,226.0,0.300018310546875
280,475.95001220703125,476.0,472.20001220703125,472.6000061035156,470.0,470.70001220703125,199.0,0.04998779296875
280,479.79998779296875,480.1000061035156,477.45001220703125,479.79998779296875,476.0,478.95001220703125,226.0,0.300018310546875
281,475.95001220703125,476.0,472.20001220703125,472.6000061035156,470.0,470.70001220703125,199.0,0.04998779296875
281,479.79998779296875,480.1000061035156,477.45001220703125,479.79998779296875,476.0,478.95001220703125,226.0,0.300018310546875
282,475.95001220703125,476.0,472.20001220703125,472.6000061035156,470.0,470.70001220703125,199.0,0.04998779296875
282,479.79998779296875,480.1000061035156,477.45001220703125,479.79998779296875,476.0,478.95001220703125,226.0,0.300018310546875
283,475.95001220703125,476.0,472.20001220703125,472.6000061035156,470.0,470.70001220703125,199.0,0.04998779296875
283,479.79998779296875,480.1000061035156,477.45001220703125,479.79998779296875,476.0,478.95001220703125,226.0,0.300018310546875
284,475.95001220703125,476.0,472.20001220703125,472.6000061035156,470.0,470.70001220703125,199.0,0.04998779296875
284,479.79998779296875,480.1000061035156,477.45001220703125,479.79998779296875,476.0,478.95001220703125,226.0,0.300018310546875
285,475.95001220703125,476.0,472.20001220703125,472.6000061035156,470.0,470.70001220703125,199.0,0.04998779296875
285,479.79998779296875,480.1000061035156,477.45001220703125,479.79998779296875,476.0,478.95001220703125,226.0,0.300018310546875
286,475.95001220703125,476.0,472.20001220703125,472.6000061035156,470.0,470.70001220703125,199.0,0.04998779296875
286,479.79998779296875,480.1000061035156,477.45001220703125,479.79998779296875,476.0,478.95001220703125,226.0,0.300018310546875
287,475.95001220703125,476.0,472.20001220703125,472.6000061035156,470.0,470.70001220703125,199.0,0.04998779296875
287,479.79998779296875,480.1000061035156,477.45001220703125,479.79998779296875,476.0,478.95001220703125,226.0,0.300018310546875
288,475.95001220703125,476.0,472.20001220703125,472.6000061035156,470.0,470.70001220703125,199.0,0.04998779296875
288,479.79998779296875,480.1000061035156,477.45001220703125,479.79998779296875,476.0,478.95001220703125,226.0,0.300018310546875
289,475.95001220703125,476.0,472.20001220703125,472.6000061035156,470.0,470.70001220703125,199.0,0.04998779296875
289,479.79998779296875,480.1000061035156,477.45001220703125,479.79998779296875,476.0,478.95001220703125,226.0,0.300018310546875
290,475.95001220703125,476.0,472.20001220703125,472.6000061035156,470.0,470.70001220703125,199.0,0.04998779296875
290,479.79998779296875,480.1000061035156,477.45001220703125,479.79998779296875,476.0,478.95001220703125,226.0,0.300018310546875
291,475.95001220703125,476.0,472.20001220703125,472.6000061035156,470.0,470.70001220703125,199.0,0.04998779296875
291,479.79998779296875,480.1000061035156,477.45001220703125,479.79998779296875,476.0,478.95001220703125,226.0,0.300018310546875
292,475.95001220703125,476.0,472.20001220703125,472.6000061035156,470.0,470.70001220703125,199.0,0.04998779296875
292,479.79998779296875,480.1000061035156,477.45001220703125,479.79998779296875,476.0,478.95001220703125,226.0,0.300018310546875
293,475.95001220703125,476.0,472.20001220703125,472.6000061035156,470.0,470.70001220703125,199.0,0.04998779296875
293,479.79998779296875,480.1000061035156,477.45001220703125,479.79998779296875,476.0,478.95001220703125,226.0,0.300018310546875
294,475.95001220703125,476.0,472.20001220703125,472.6000061035156,470.0,470.70001220703125,199.0,0.04998779296875
294,479.79998779296875,480.1000061035156,477.45001220703125,479.79998779296875,476.0,478.95001220703125,226.0,0.300018310546875
295,475.95001220703125,476.0,472.20001220703125,472.6000061035156,470.0,470.70001220703125,199.0,0.04998779296875
295,479.79998779296875,480.1000061035156,477.45001220703125,479.79998779296875,476.0,478.95001220703125,226.0,0.300018310546875
296,475.95001220703125,476.0,472.20001220703125,472.6000061035156,470.0,470.70001220703125,199.0,0.04998779296875
296,479.79998779296875,480.1000061035156,477.45001220703125,479.79998779296875,476.0,478.95001220703125,226.0,0.300018310546875
297,475.95001220703125,476.0,472.20001220703125,472.6000061035156,470.0,470.70001220703125,199.0,0.04998779296875
297,479.79998779296875,480.1000061035156,477.45001220703125,479.79998779296875,476.0,478.95001220703125,226.0,0.300018310546875
298,475.95001220703125,476.0,472.20001220703125,472.6000061035156,470.0,470.70001220703125,199.0,0.04998779296875
298,479.79998779296875,480.1000061035156,477.45001220703125,479.79998779296875,476.0,478.95001220703125,226.0,0.300018310546875
299,475.95001220703125,476.0,472.20001220703125,472.6000061035156,470.0,470.70001220703125,199.0,0.04998779296875
299,479.79998779296875,480.1000061035156,477.45001220703125,479.79998779296875,476.0,478.95001220703125,226.0,0.300018310546875
300,475.95001220703125,476.0,472.20001220703125,472.6000061035156,470.0,470.70001220703125,199.0,0.04998779296875
300,479.79998779296875,480.1000061035156,477.45001220703125,479.79998779296875,476.0,478.95001220703125,226.0,0.300018310546875
301,475.95001220703125,476.0,472.20001220703125,472.6000061035156,470.0,470.70001220703125,199.0,0.04998779296875
301,479.79998779296875,480.1000061035156,477.45001220703125,479.79998779296875,476.0,478.95001220703125,226.0,0.300018310546875
302,475.95001220703125,476.0,472.20001220703125,472.6000061035156,470.0,470.70001220703125,199.0,0.04998779296875
302,479.79998779296875,480.1000061035156,477.45001220703125,479.79998779296875,476.0,478.95001220703125,226.0,0.300018310546875
303,475.95001220703125,476.0,472.20001220703125,472.6000061035156,470.0,470.70001220703125,199.0,0.04998779296875
303,479.79998779296875,480.1000061035156,477.45001220703125,479.79998779296875,476.0,478.95001220703125,226.0,0.300018310546875
304,475.95001220703125,476.0,472.20001220703125,472.6000061035156,470.0,470.70001220703125,199.0,0.04998779296875
304,479.79998779296875,480.1000061035156,477.45001220703125,479.79998779296875,476.0,478.95001220703125,226.0,0.300018310546875
304,488.6000061035156,489.04998779296875,488.5,488.6000061035156,487.6000061035156,488.04998779296875,303.0,0.449981689453125
305,475.95001220703125,476.0,472.20001220703125,472.6000061035156,470.0,470.70001220703125,199.0,0.04998779296875
305,479.79998779296875,480.1000061035156,477.45001220703125,479.79998779296875,476.0,478.95001220703125,226.0,0.300018310546875
306,475.95001220703125,476.0,472.20001220703125,472.6000061035156,470.0,470.70001220703125,199.0,0.04998779296875
306,479.79998779296875,480.1000061035156,477.45001220703125,479.79998779296875,476.0,478.95001220703125,226.0,0.300018310546875
307,475.95001220703125,476.0,472.20001220703125,472.6000061035156,470.0,470.70001220703125,199.0,0.04998779296875
307,479.79998779296875,480.1000061035156,477.45001220703125,479.79998779296875,476.0,478.95001220703125,226.0,0.300018310546875
308,475.95001220703125,476.0,472.20001220703125,472.6000061035156,470.0,470.70001220703125,199.0,0.04998779296875
308,479.79998779296875,480.1000061035156,477.45001220703125,479.79998779296875,476.0,478.95001220703125,226.0,0.300018310546875
309,475.95001220703125,476.0,472.20001220703125,472.6000061035156,470.0,470.70001220703125,199.0,0.04998779296875
309,479.79998779296875,480.1000061035156,477.45001220703125,479.79998779296875,476.0,478.95001220703125,226.0,0.300018310546875
310,475.95001220703125,476.0,472.20001220703125,472.6000061035156,470.0,470.70001220703125,199.0,0.04998779296875
310,479.79998779296875,480.1000061035156,477.45001220703125,479.79998779296875,476.0,478.95001220703125,226.0,0.300018310546875
311,475.95001220703125,476.0,472.20001220703125,472.6000061035156,470.0,470.70001220703125,199.0,0.04998779296875
311,479.79998779296875,480.1000061035156,477.45001220703125,479.79998779296875,476.0,478.95001220703125,226.0,0.300018310546875
312,475.95001220703125,476.0,472.20001220703125,472.6000061035156,470.0,470.70001220703125,199.0,0.04998779296875
312,479.79998779296875,480.1000061035156,477.45001220703125,479.79998779296875,476.0,478.95001220703125,226.0,0.300018310546875
313,475.95001220703125,476.0,472.20001220703125,472.6000061035156,470.0,470.70001220703125,199.0,0.04998779296875
313,479.79998779296875,480.1000061035156,477.45001220703125,479.79998779296875,476.0,478.95001220703125,226.0,0.300018310546875
314,475.95001220703125,476.0,472.20001220703125,472.6000061035156,470.0,470.70001220703125,199.0,0.04998779296875
314,479.79998779296875,480.1000061035156,477.45001220703125,479.79998779296875,476.0,478.95001220703125,226.0,0.300018310546875
314,485.95001220703125,486.79998779296875,485.6000061035156,485.95001220703125,484.8500061035156,485.8500061035156,313.0,0.8499755859375
315,475.95001220703125,476.0,472.20001220703125,472.6000061035156,470.0,470.70001220703125,199.0,0.04998779296875
315,479.79998779296875,480.1000061035156,477.45001220703125,479.79998779296875,476.0,478.95001220703125,226.0,0.300018310546875
316,475.95001220703125,476.0,472.20001220703125,472.6000061035156,470.0,470.70001220703125,199.0,0.04998779296875
316,479.79998779296875,480.1000061035156,477.45001220703125,479.79998779296875,476.0,478.95001220703125,226.0,0.300018310546875
317,475.95001220703125,476.0,472.20001220703125,472.6000061035156,470.0,470.70001220703125,199.0,0.04998779296875
317,479.79998779296875,480.1000061035156,477.45001220703125,479.79998779296875,476.0,478.95001220703125,226.0,0.300018310546875
318,475.95001220703125,476.0,472.20001220703125,472.6000061035156,470.0,470.70001220703125,199.0,0.04998779296875
318,479.79998779296875,480.1000061035156,477.45001220703125,479.79998779296875,476.0,478.95001220703125,226.0,0.300018310546875
319,475.95001220703125,476.0,472.20001220703125,472.6000061035156,470.0,470.70001220703125,199.0,0.04998779296875
319,479.79998779296875,480.1000061035156,477.45001220703125,479.79998779296875,476.0,478.95001220703125,226.0,0.300018310546875
320,475.95001220703125,476.0,472.20001220703125,472.6000061035156,470.0,470.70001220703125,199.0,0.04998779296875
320,479.79998779296875,480.1000061035156,477.45001220703125,479.79998779296875,476.0,478.95001220703125,226.0,0.300018310546875
321,475.95001220703125,476.0,472.20001220703125,472.6000061035156,470.0,470.70001220703125,199.0,0.04998779296875
321,479.79998779296875,480.1000061035156,477.45001220703125,479.79998779296875,476.0,478.95001220703125,226.0,0.300018310546875
321,486.5,487.0,485.8999938964844,486.5,485.1000061035156,486.5,320.0,0.5
322,475.95001220703125,476.0,472.20001220703125,472.6000061035156,470.0,470.70001220703125,199.0,0.04998779296875
322,479.79998779296875,480.1000061035156,477.45001220703125,479.79998779296875,476.0,478.95001220703125,226.0,0.300018310546875
322,486.5,486.8500061035156,485.8999938964844,486.5,485.1000061035156,486.5,320.0,0.350006103515625
323,475.95001220703125,476.0,472.20001220703125,472.6000061035156,470.0,470.70001220703125,199.0,0.04998779296875
323,479.79998779296875,480.1000061035156,477.45001220703125,479.79998779296875,476.0,478.95001220703125,226.0,0.300018310546875
323,486.5,486.8500061035156,485.8999938964844,486.5,485.1000061035156,486.5,320.0,0.350006103515625
324,475.95001220703125,476.0,472.20001220703125,472.6000061035156,470.0,470.70001220703125,199.0,0.04998779296875
324,479.79998779296875,480.1000061035156,477.45001220703125,479.79998779296875,476.0,478.95001220703125,226.0,0.300018310546875
324,486.5,486.8500061035156,485.8999938964844,486.5,485.1000061035156,486.5,320.0,0.350006103515625
325,475.95001220703125,476.0,472.20001220703125,472.6000061035156,470.0,470.70001220703125,199.0,0.04998779296875
325,479.79998779296875,480.1000061035156,477.45001220703125,479.79998779296875,476.0,478.95001220703125,226.0,0.300018310546875
325,486.5,486.8500061035156,485.8999938964844,486.5,485.1000061035156,486.5,320.0,0.350006103515625
326,475.95001220703125,476.0,472.20001220703125,472.6000061035156,470.0,470.70001220703125,199.0,0.04998779296875
326,479.79998779296875,480.1000061035156,477.45001220703125,479.79998779296875,476.0,478.95001220703125,226.0,0.300018310546875
326,486.5,486.8500061035156,485.8999938964844,486.5,485.1000061035156,486.5,320.0,0.350006103515625
327,475.95001220703125,476.0,472.20001220703125,472.6000061035156,470.0,470.70001220703125,199.0,0.04998779296875
327,479.79998779296875,480.1000061035156,477.45001220703125,479.79998779296875,476.0,478.95001220703125,226.0,0.300018310546875
328,475.95001220703125,476.0,472.20001220703125,472.6000061035156,470.0,470.70001220703125,199.0,0.04998779296875
328,479.79998779296875,480.1000061035156,477.45001220703125,479.79998779296875,476.0,478.95001220703125,226.0,0.300018310546875
329,475.95001220703125,476.0,472.20001220703125,472.6000061035156,470.0,470.70001220703125,199.0,0.04998779296875
329,479.79998779296875,480.1000061035156,477.45001220703125,479.79998779296875,476.0,478.95001220703125,226.0,0.300018310546875
330,475.95001220703125,476.0,472.20001220703125,472.6000061035156,470.0,470.70001220703125,199.0,0.04998779296875
330,479.79998779296875,480.1000061035156,477.45001220703125,479.79998779296875,476.0,478.95001220703125,226.0,0.300018310546875
331,475.95001220703125,476.0,472.20001220703125,472.6000061035156,470.0,470.70001220703125,199.0,0.04998779296875
331,479.79998779296875,480.1000061035156,477.45001220703125,479.79998779296875,476.0,478.95001220703125,226.0,0.300018310546875
332,475.95001220703125,476.0,472.20001220703125,472.6000061035156,470.0,470.70001220703125,199.0,0.04998779296875
332,479.79998779296875,480.1000061035156,477.45001220703125,479.79998779296875,476.0,478.95001220703125,226.0,0.300018310546875
333,475.95001220703125,476.0,472.20001220703125,472.6000061035156,470.0,470.70001220703125,199.0,0.04998779296875
334,475.95001220703125,476.0,472.20001220703125,472.6000061035156,470.0,470.70001220703125,199.0,0.04998779296875
334,482.54998779296875,482.6000061035156,482.5,482.54998779296875,479.6000061035156,481.54998779296875,333.0,0.050018310546875
335,475.95001220703125,476.0,472.20001220703125,472.6000061035156,470.0,470.70001220703125,199.0,0.04998779296875
336,475.95001220703125,476.0,472.20001220703125,472.6000061035156,470.0,470.70001220703125,199.0,0.04998779296875
337,475.95001220703125,476.0,472.20001220703125,472.6000061035156,470.0,470.70001220703125,199.0,0.04998779296875
338,475.95001220703125,476.0,472.20001220703125,472.6000061035156,470.0,470.70001220703125,199.0,0.04998779296875
339,475.95001220703125,476.0,472.20001220703125,472.6000061035156,470.0,470.70001220703125,199.0,0.04998779296875
340,475.95001220703125,476.0,472.20001220703125,472.6000061035156,470.0,470.70001220703125,199.0,0.04998779296875
340,481.6499938964844,482.0,480.8500061035156,481.6499938964844,480.20001220703125,480.6499938964844,339.0,0.350006103515625
341,475.95001220703125,476.0,472.20001220703125,472.6000061035156,470.0,470.70001220703125,199.0,0.04998779296875
341,481.6499938964844,481.75,480.8500061035156,481.6499938964844,480.20001220703125,480.6499938964844,339.0,0.100006103515625
342,475.95001220703125,476.0,472.20001220703125,472.6000061035156,470.0,470.70001220703125,199.0,0.04998779296875
343,475.95001220703125,476.0,472.20001220703125,472.6000061035156,470.0,470.70001220703125,199.0,0.04998779296875
344,475.95001220703125,476.0,472.20001220703125,472.6000061035156,470.0,470.70001220703125,199.0,0.04998779296875
345,475.95001220703125,476.0,472.20001220703125,472.6000061035156,470.0,470.70001220703125,199.0,0.04998779296875
346,475.95001220703125,476.0,472.20001220703125,472.6000061035156,470.0,470.70001220703125,199.0,0.04998779296875
347,475.95001220703125,476.0,472.20001220703125,472.6000061035156,470.0,470.70001220703125,199.0,0.04998779296875
348,475.95001220703125,476.0,472.20001220703125,472.6000061035156,470.0,470.70001220703125,199.0,0.04998779296875
349,475.95001220703125,476.0,472.20001220703125,472.6000061035156,470.0,470.70001220703125,199.0,0.04998779296875
350,475.95001220703125,476.0,472.20001220703125,472.6000061035156,470.0,470.70001220703125,199.0,0.04998779296875
351,475.95001220703125,476.0,472.20001220703125,472.6000061035156,470.0,470.70001220703125,199.0,0.04998779296875
352,475.95001220703125,476.0,472.20001220703125,472.6000061035156,470.0,470.70001220703125,199.0,0.04998779296875
353,475.95001220703125,476.0,472.20001220703125,472.6000061035156,470.0,470.70001220703125,199.0,0.04998779296875
354,475.95001220703125,476.0,472.20001220703125,472.6000061035156,470.0,470.70001220703125,199.0,0.04998779296875
355,475.95001220703125,476.0,472.20001220703125,472.6000061035156,470.0,470.70001220703125,199.0,0.04998779296875
355,480.3999938964844,480.5,479.04998779296875,480.3999938964844,478.45001220703125,480.1000061035156,354.0,0.100006103515625
356,475.95001220703125,476.0,472.20001220703125,472.6000061035156,470.0,470.70001220703125,199.0,0.04998779296875
356,480.70001220703125,481.3500061035156,480.1000061035156,480.70001220703125,479.5,480.5,355.0,0.649993896484375
357,475.95001220703125,476.0,472.20001220703125,472.6000061035156,470.0,470.70001220703125,199.0,0.04998779296875
358,475.95001220703125,476.0,472.20001220703125,472.6000061035156,470.0,470.70001220703125,199.0,0.04998779296875
359,475.95001220703125,476.0,472.20001220703125,472.6000061035156,470.0,470.70001220703125,199.0,0.04998779296875
360,475.95001220703125,476.0,472.20001220703125,472.6000061035156,470.0,470.70001220703125,199.0,0.04998779296875
361,475.95001220703125,476.0,472.20001220703125,472.6000061035156,470.0,470.70001220703125,199.0,0.04998779296875
362,475.95001220703125,476.0,472.20001220703125,472.6000061035156,470.0,470.70001220703125,199.0,0.04998779296875
363,475.95001220703125,476.0,472.20001220703125,472.6000061035156,470.0,470.70001220703125,199.0,0.04998779296875
364,475.95001220703125,476.0,472.20001220703125,472.6000061035156,470.0,470.70001220703125,199.0,0.04998779296875
365,475.95001220703125,476.0,472.20001220703125,472.6000061035156,470.0,470.70001220703125,199.0,0.04998779296875
366,475.95001220703125,476.0,472.20001220703125,472.6000061035156,470.0,470.70001220703125,199.0,0.04998779296875
367,475.95001220703125,476.0,472.20001220703125,472.6000061035156,470.0,470.70001220703125,199.0,0.04998779296875
368,475.95001220703125,476.0,472.20001220703125,472.6000061035156,470.0,470.70001220703125,199.0,0.04998779296875
369,475.95001220703125,476.0,472.20001220703125,472.6000061035156,470.0,470.70001220703125,199.0,0.04998779296875
370,475.95001220703125,476.0,472.20001220703125,472.6000061035156,470.0,470.70001220703125,199.0,0.04998779296875
371,475.95001220703125,476.0,472.20001220703125,472.6000061035156,470.0,470.70001220703125,199.0,0.04998779296875
372,475.95001220703125,476.0,472.20001220703125,472.6000061035156,470.0,470.70001220703125,199.0,0.04998779296875
373,475.95001220703125,476.0,472.20001220703125,472.6000061035156,470.0,470.70001220703125,199.0,0.04998779296875
374,475.95001220703125,476.0,472.20001220703125,472.6000061035156,470.0,470.70001220703125,199.0,0.04998779296875
375,475.95001220703125,476.0,472.20001220703125,472.6000061035156,470.0,470.70001220703125,199.0,0.04998779296875
376,475.95001220703125,476.0,472.20001220703125,472.6000061035156,470.0,470.70001220703125,199.0,0.04998779296875
377,475.95001220703125,476.0,472.20001220703125,472.6000061035156,470.0,470.70001220703125,199.0,0.04998779296875
378,475.95001220703125,476.0,472.20001220703125,472.6000061035156,470.0,470.70001220703125,199.0,0.04998779296875
379,475.95001220703125,476.0,472.20001220703125,472.6000061035156,470.0,470.70001220703125,199.0,0.04998779296875
380,475.95001220703125,476.0,472.20001220703125,472.6000061035156,470.0,470.70001220703125,199.0,0.04998779296875
381,475.95001220703125,476.0,472.20001220703125,472.6000061035156,470.0,470.70001220703125,199.0,0.04998779296875
382,475.95001220703125,476.0,472.20001220703125,472.6000061035156,470.0,470.70001220703125,199.0,0.04998779296875
383,475.95001220703125,476.0,472.20001220703125,472.6000061035156,470.0,470.70001220703125,199.0,0.04998779296875
384,475.95001220703125,476.0,472.20001220703125,472.6000061035156,470.0,470.70001220703125,199.0,0.04998779296875
385,475.95001220703125,476.0,472.20001220703125,472.6000061035156,470.0,470.70001220703125,199.0,0.04998779296875
386,475.95001220703125,476.0,472.20001220703125,472.6000061035156,470.0,470.70001220703125,199.0,0.04998779296875
387,475.95001220703125,476.0,472.20001220703125,472.6000061035156,470.0,470.70001220703125,199.0,0.04998779296875
388,475.95001220703125,476.0,472.20001220703125,472.6000061035156,470.0,470.70001220703125,199.0,0.04998779296875
389,475.95001220703125,476.0,472.20001220703125,472.6000061035156,470.0,470.70001220703125,199.0,0.04998779296875
390,475.95001220703125,476.0,472.20001220703125,472.6000061035156,470.0,470.70001220703125,199.0,0.04998779296875
391,475.95001220703125,476.0,472.20001220703125,472.6000061035156,470.0,470.70001220703125,199.0,0.04998779296875
392,475.95001220703125,476.0,472.20001220703125,472.6000061035156,470.0,470.70001220703125,199.0,0.04998779296875
393,475.95001220703125,476.0,472.20001220703125,472.6000061035156,470.0,470.70001220703125,199.0,0.04998779296875
394,475.95001220703125,476.0,472.20001220703125,472.6000061035156,470.0,470.70001220703125,199.0,0.04998779296875
395,475.95001220703125,476.0,472.20001220703125,472.6000061035156,470.0,470.70001220703125,199.0,0.04998779296875
396,475.95001220703125,476.0,472.20001220703125,472.6000061035156,470.0,470.70001220703125,199.0,0.04998779296875
397,475.95001220703125,476.0,472.20001220703125,472.6000061035156,470.0,470.70001220703125,199.0,0.04998779296875
398,475.95001220703125,476.0,472.20001220703125,472.6000061035156,470.0,470.70001220703125,199.0,0.04998779296875
399,475.95001220703125,476.0,472.20001220703125,472.6000061035156,470.0,470.70001220703125,199.0,0.04998779296875
400,475.95001220703125,476.0,472.20001220703125,472.6000061035156,470.0,470.70001220703125,199.0,0.04998779296875
401,475.95001220703125,476.0,472.20001220703125,472.6000061035156,470.0,470.70001220703125,199.0,0.04998779296875
402,475.95001220703125,476.0,472.20001220703125,472.6000061035156,470.0,470.70001220703125,199.0,0.04998779296875
403,475.95001220703125,476.0,472.20001220703125,472.6000061035156,470.0,470.70001220703125,199.0,0.04998779296875
404,475.95001220703125,476.0,472.20001220703125,472.6000061035156,470.0,470.70001220703125,199.0,0.04998779296875
405,475.95001220703125,476.0,472.20001220703125,472.6000061035156,470.0,470.70001220703125,199.0,0.04998779296875
405,478.04998779296875,478.79998779296875,476.75,478.04998779296875,476.75,477.04998779296875,404.0,0.75
406,475.95001220703125,476.0,472.20001220703125,472.6000061035156,470.0,470.70001220703125,199.0,0.04998779296875
407,475.95001220703125,476.0,472.20001220703125,472.6000061035156,470.0,470.70001220703125,199.0,0.04998779296875
408,475.95001220703125,476.0,472.20001220703125,472.6000061035156,470.0,470.70001220703125,199.0,0.04998779296875
409,475.95001220703125,476.0,472.20001220703125,472.6000061035156,470.0,470.70001220703125,199.0,0.04998779296875
410,475.95001220703125,476.0,472.20001220703125,472.6000061035156,470.0,470.70001220703125,199.0,0.04998779296875
411,475.95001220703125,476.0,472.20001220703125,472.6000061035156,470.0,470.70001220703125,199.0,0.04998779296875
412,475.95001220703125,476.0,472.20001220703125,472.6000061035156,470.0,470.70001220703125,199.0,0.04998779296875
413,475.95001220703125,476.0,472.20001220703125,472.6000061035156,470.0,470.70001220703125,199.0,0.04998779296875
414,475.95001220703125,476.0,472.20001220703125,472.6000061035156,470.0,470.70001220703125,199.0,0.04998779296875
415,475.95001220703125,476.0,472.20001220703125,472.6000061035156,470.0,470.70001220703125,199.0,0.04998779296875
416,475.95001220703125,476.0,472.20001220703125,472.6000061035156,470.0,470.70001220703125,199.0,0.04998779296875
417,475.95001220703125,476.0,472.20001220703125,472.6000061035156,470.0,470.70001220703125,199.0,0.04998779296875
418,475.95001220703125,476.0,472.20001220703125,472.6000061035156,470.0,470.70001220703125,199.0,0.04998779296875
419,475.95001220703125,476.0,472.20001220703125,472.6000061035156,470.0,470.70001220703125,199.0,0.04998779296875
420,475.95001220703125,476.0,472.20001220703125,472.6000061035156,470.0,470.70001220703125,199.0,0.04998779296875
421,475.95001220703125,476.0,472.20001220703125,472.6000061035156,470.0,470.70001220703125,199.0,0.04998779296875
422,475.95001220703125,476.0,472.20001220703125,472.6000061035156,470.0,470.70001220703125,199.0,0.04998779296875
423,475.95001220703125,476.0,472.20001220703125,472.6000061035156,470.0,470.70001220703125,199.0,0.04998779296875
424,475.95001220703125,476.0,472.20001220703125,472.6000061035156,470.0,470.70001220703125,199.0,0.04998779296875
427,478.45001220703125,478.5,476.8999938964844,478.45001220703125,476.8999938964844,478.1000061035156,426.0,0.04998779296875
442,477.0,477.6499938964844,477.0,477.0,476.6499938964844,476.95001220703125,441.0,0.649993896484375
443,477.0,477.5,477.0,477.0,476.6499938964844,476.95001220703125,441.0,0.5
444,477.0,477.5,477.0,477.0,476.6499938964844,476.95001220703125,441.0,0.5
445,477.0,477.5,477.0,477.0,476.6499938964844,476.95001220703125,441.0,0.5
446,477.0,477.3999938964844,477.0,477.0,476.6499938964844,476.95001220703125,441.0,0.399993896484375
448,477.6499938964844,477.70001220703125,477.3500061035156,477.6499938964844,476.3999938964844,476.6499938964844,447.0,0.050018310546875
449,478.0,478.04998779296875,476.70001220703125,478.0,476.5,477.70001220703125,448.0,0.04998779296875
451,478.70001220703125,479.8999938964844,478.70001220703125,478.70001220703125,475.25,476.20001220703125,450.0,1.199981689453125
464,479.45001220703125,479.70001220703125,478.95001220703125,479.45001220703125,478.6499938964844,479.3999938964844,463.0,0.25
471,476.79998779296875,477.6499938964844,476.3999938964844,476.79998779296875,474.20001220703125,475.8500061035156,470.0,0.850006103515625
472,476.79998779296875,477.0,476.3999938964844,476.79998779296875,474.20001220703125,475.8500061035156,470.0,0.20001220703125
479,475.95001220703125,476.1000061035156,475.8500061035156,475.95001220703125,474.95001220703125,475.1000061035156,478.0,0.149993896484375
494,475.20001220703125,475.6499938964844,474.79998779296875,475.20001220703125,474.6000061035156,474.95001220703125,493.0,0.449981689453125
495,475.20001220703125,475.29998779296875,474.79998779296875,475.20001220703125,474.6000061035156,474.95001220703125,493.0,0.0999755859375
496,475.20001220703125,475.29998779296875,474.79998779296875,475.20001220703125,474.6000061035156,474.95001220703125,493.0,0.0999755859375
531,467.3999938964844,467.8500061035156,467.0,467.3999938964844,466.5,467.29998779296875,530.0,0.45001220703125
